Age,Income,Credit_Score,Occupation,Spending_Score,EMI_Burden,Loan_Eligible,CreditCard_Eligible
23,65994,387,Student,85,0.24,0,0
49,88181,699,IT Engineer,92,0.34,1,1
55,135614,409,Bank Employee,25,0.14,0,0
59,63141,567,Teacher,60,0.37,0,0
38,135249,718,Shopkeeper,47,0.47,0,0
40,59557,544,Doctor,96,0.24,0,0
43,49087,662,Student,20,0.34,0,1
54,92933,793,Driver,23,0.29,1,1
53,123633,868,Sales Executive,34,0.06,1,1
30,142572,591,Teacher,13,0.46,0,0
53,50982,782,Bank Employee,46,0.41,0,0
53,28708,495,Sales Executive,51,0.24,0,0
46,74914,306,Student,27,0.09,0,0
40,72529,794,Business Owner,20,0.21,1,1
35,69701,839,Driver,41,0.29,1,1
57,34926,513,Student,64,0.16,0,0
53,25389,816,Bank Employee,83,0.42,0,0
37,138863,408,Teacher,26,0.18,0,0
25,69851,476,Freelancer,23,0.14,0,0
24,135809,810,Driver,90,0.13,1,1
23,62370,779,Shopkeeper,79,0.38,0,1
41,100601,767,Shopkeeper,77,0.3,1,1
23,75659,711,Business Owner,64,0.36,0,1
41,52545,599,IT Engineer,74,0.18,0,0
28,118539,673,IT Engineer,52,0.23,1,1
56,118736,784,Doctor,55,0.45,0,0
49,63339,807,Driver,38,0.2,1,1
59,93277,439,Shopkeeper,62,0.46,0,0
54,110819,317,Driver,58,0.48,0,0
42,144734,600,Business Owner,70,0.06,0,0
51,62783,862,Teacher,73,0.27,1,1
48,46878,797,Bank Employee,68,0.33,0,1
55,83206,304,Business Owner,53,0.06,0,0
54,103974,714,Student,18,0.21,1,1
33,127613,870,Driver,51,0.06,1,1
24,96079,637,Shopkeeper,35,0.33,1,0
26,72569,613,Driver,89,0.26,1,0
21,107623,596,Student,40,0.17,0,0
32,83838,599,Shopkeeper,62,0.4,0,0
55,136654,870,Freelancer,62,0.29,1,1
31,98454,587,IT Engineer,31,0.2,0,0
43,104332,543,Freelancer,72,0.47,0,0
34,43553,639,Business Owner,83,0.49,0,0
39,70294,594,Student,96,0.13,0,0
57,119976,698,Business Owner,78,0.49,0,0
36,119586,701,Teacher,58,0.31,1,1
48,27793,499,Business Owner,19,0.44,0,0
51,47035,755,Student,86,0.18,0,1
27,74774,428,Teacher,66,0.07,0,0
47,134208,662,Shopkeeper,63,0.06,1,1
37,97837,417,Bank Employee,79,0.24,0,0
27,95771,512,Shopkeeper,53,0.05,0,0
35,81413,530,IT Engineer,58,0.25,0,0
32,135035,344,Teacher,29,0.38,0,0
28,35184,877,Sales Executive,11,0.35,0,0
22,80927,589,Driver,33,0.38,0,0
58,88471,704,Student,91,0.32,1,1
46,147736,475,Doctor,19,0.48,0,0
41,52089,460,Bank Employee,41,0.16,0,0
33,112783,402,Freelancer,85,0.46,0,0
39,114858,851,Business Owner,75,0.49,0,0
38,56395,498,IT Engineer,14,0.05,0,0
22,149741,826,Teacher,87,0.24,1,1
48,51603,756,Driver,84,0.35,0,1
43,148557,551,IT Engineer,69,0.33,0,0
24,62952,800,Student,92,0.5,0,0
24,131578,316,Bank Employee,22,0.35,0,0
32,92877,660,Bank Employee,90,0.33,1,1
42,61123,720,Freelancer,68,0.47,0,0
46,108886,572,IT Engineer,55,0.46,0,0
55,55664,892,Teacher,92,0.43,0,0
24,103894,801,Sales Executive,34,0.23,1,1
32,79793,501,Sales Executive,65,0.36,0,0
24,67327,501,Business Owner,90,0.48,0,0
51,36737,836,Teacher,87,0.16,0,0
27,119151,827,Driver,29,0.27,1,1
30,101932,870,Student,46,0.39,0,1
44,148788,401,Shopkeeper,40,0.32,0,0
35,41725,545,Freelancer,15,0.4,0,0
59,99273,490,Teacher,85,0.17,0,0
40,129344,351,Student,99,0.11,0,0
27,128062,580,Doctor,24,0.26,0,0
33,82576,696,Student,84,0.35,0,1
48,123159,662,IT Engineer,99,0.32,1,1
59,54012,891,Freelancer,80,0.32,1,1
38,89258,669,Student,47,0.09,1,1
31,63663,639,Student,97,0.27,1,0
56,30805,839,IT Engineer,96,0.14,0,0
56,44697,487,Doctor,12,0.37,0,0
22,138597,307,Sales Executive,56,0.3,0,0
37,118862,804,Business Owner,27,0.32,1,1
26,101594,714,Bank Employee,21,0.32,1,1
43,87694,519,IT Engineer,58,0.19,0,0
36,95421,776,Doctor,13,0.09,1,1
46,100564,617,Bank Employee,27,0.24,1,0
21,88690,390,Student,30,0.18,0,0
56,84030,592,Freelancer,96,0.31,0,0
50,142168,330,Bank Employee,88,0.15,0,0
22,95387,460,Driver,96,0.15,0,0
40,127011,340,Doctor,98,0.2,0,0
25,25690,528,Student,23,0.13,0,0
51,62403,892,Sales Executive,62,0.23,1,1
28,39178,829,Doctor,76,0.42,0,0
50,83217,424,Teacher,32,0.43,0,0
59,147140,579,Bank Employee,24,0.1,0,0
22,26978,786,Doctor,46,0.2,0,0
33,47263,320,Student,79,0.33,0,0
24,34061,872,Business Owner,48,0.15,0,0
28,142445,583,Driver,70,0.46,0,0
59,73880,368,Freelancer,17,0.37,0,0
45,65781,691,Doctor,84,0.15,1,1
27,84612,698,Sales Executive,96,0.1,1,1
34,41880,801,Driver,26,0.08,0,1
49,49061,500,IT Engineer,37,0.13,0,0
41,96579,831,Bank Employee,72,0.23,1,1
57,28017,527,IT Engineer,96,0.39,0,0
53,77845,358,Business Owner,26,0.11,0,0
45,107350,302,Teacher,78,0.07,0,0
34,42923,770,Sales Executive,83,0.45,0,0
29,98175,805,Sales Executive,27,0.2,1,1
35,55337,383,Sales Executive,68,0.2,0,0
27,144149,728,Doctor,61,0.29,1,1
22,142823,585,Sales Executive,96,0.24,0,0
51,65954,715,Driver,30,0.18,1,1
27,129732,667,Business Owner,85,0.37,0,1
31,39168,659,Shopkeeper,75,0.41,0,0
33,60934,585,Business Owner,62,0.42,0,0
33,99670,823,Sales Executive,48,0.4,0,0
46,44442,770,Teacher,33,0.36,0,1
28,102037,487,Bank Employee,18,0.14,0,0
34,80822,788,Sales Executive,63,0.38,0,1
22,105037,605,Bank Employee,34,0.17,1,0
35,99592,534,Teacher,82,0.37,0,0
44,77465,880,Doctor,33,0.09,1,1
54,139887,723,IT Engineer,24,0.24,1,1
24,117711,686,Driver,32,0.23,1,1
38,133431,477,Driver,27,0.07,0,0
45,128525,399,Bank Employee,18,0.45,0,0
44,115475,481,Business Owner,99,0.35,0,0
26,102800,465,Driver,20,0.4,0,0
54,136393,625,Business Owner,56,0.35,0,0
58,42278,357,Teacher,21,0.2,0,0
23,59437,383,Freelancer,38,0.28,0,0
39,129935,696,Business Owner,63,0.11,1,1
56,116888,886,Doctor,48,0.12,1,1
39,143614,367,IT Engineer,19,0.2,0,0
48,123228,717,Driver,94,0.34,1,1
30,74777,761,Sales Executive,15,0.32,1,1
38,136764,486,Freelancer,94,0.4,0,0
24,142090,465,IT Engineer,58,0.29,0,0
32,48790,421,Business Owner,20,0.35,0,0
47,133444,505,Student,46,0.07,0,0
49,98186,355,Bank Employee,32,0.47,0,0
32,137480,697,Freelancer,92,0.43,0,0
31,109249,644,Sales Executive,78,0.47,0,0
24,116947,574,Student,24,0.13,0,0
44,114567,423,Freelancer,99,0.12,0,0
46,102841,381,Freelancer,73,0.29,0,0
48,53001,806,Business Owner,67,0.43,0,0
24,101829,540,Teacher,54,0.38,0,0
56,121875,631,Student,25,0.17,1,0
35,90558,878,IT Engineer,63,0.26,1,1
42,60887,327,Sales Executive,89,0.16,0,0
44,70494,544,Business Owner,44,0.3,0,0
44,53883,367,Student,23,0.31,0,0
57,126869,771,Teacher,63,0.09,1,1
25,98342,746,Sales Executive,53,0.33,1,1
26,91041,744,Business Owner,90,0.09,1,1
30,33214,686,Sales Executive,81,0.06,0,0
23,35791,478,Student,99,0.43,0,0
58,27623,302,Driver,52,0.16,0,0
54,98799,445,Teacher,32,0.26,0,0
26,94005,581,Bank Employee,81,0.47,0,0
30,126755,803,Freelancer,10,0.33,1,1
36,103294,807,Freelancer,92,0.22,1,1
49,62741,748,IT Engineer,77,0.43,0,0
23,48629,625,Teacher,61,0.15,0,0
31,71081,709,Freelancer,56,0.27,1,1
57,100129,427,Driver,86,0.3,0,0
24,115115,826,Sales Executive,27,0.31,1,1
24,64639,603,Business Owner,78,0.06,1,0
44,146074,810,Teacher,53,0.22,1,1
48,80139,711,IT Engineer,57,0.28,1,1
55,87728,884,Freelancer,27,0.26,1,1
58,64439,319,Business Owner,30,0.42,0,0
44,139527,534,Student,74,0.38,0,0
42,88647,478,Doctor,30,0.47,0,0
46,125378,357,Shopkeeper,36,0.15,0,0
38,69046,308,Shopkeeper,41,0.12,0,0
23,113048,332,Bank Employee,29,0.14,0,0
31,94955,748,Doctor,55,0.35,0,1
29,84619,435,Shopkeeper,74,0.16,0,0
53,106913,349,Bank Employee,29,0.35,0,0
46,51392,362,Student,39,0.36,0,0
56,48566,388,Shopkeeper,77,0.09,0,0
24,69795,652,Teacher,27,0.38,0,1
22,145843,756,IT Engineer,80,0.19,1,1
28,25070,791,Sales Executive,25,0.15,0,0
27,74891,791,Driver,91,0.17,1,1
56,124735,540,Business Owner,42,0.45,0,0
54,65517,508,Sales Executive,45,0.32,0,0
39,92695,676,Business Owner,27,0.34,1,1
49,75344,382,Freelancer,36,0.15,0,0
59,113635,897,Doctor,96,0.21,1,1
26,74644,564,Sales Executive,20,0.41,0,0
30,28358,693,Sales Executive,46,0.2,0,0
25,133948,516,Student,52,0.42,0,0
44,113123,831,Business Owner,79,0.14,1,1
42,106871,530,Bank Employee,31,0.38,0,0
46,90997,762,Student,42,0.1,1,1
57,138624,817,Doctor,20,0.42,0,0
49,94901,700,Bank Employee,41,0.35,0,1
56,73485,624,Teacher,83,0.48,0,0
40,45817,378,Freelancer,15,0.06,0,0
38,129717,523,Sales Executive,93,0.11,0,0
35,120639,878,IT Engineer,36,0.06,1,1
35,147354,475,Business Owner,22,0.06,0,0
44,125039,395,IT Engineer,78,0.43,0,0
49,47764,304,Driver,52,0.33,0,0
37,101312,827,Driver,11,0.34,1,1
45,102793,537,Freelancer,60,0.22,0,0
36,63764,352,Student,75,0.07,0,0
37,45587,899,Freelancer,90,0.24,0,1
41,65603,580,Student,96,0.12,0,0
47,136703,832,Freelancer,84,0.47,0,0
25,41401,435,Bank Employee,63,0.45,0,0
42,80352,333,Business Owner,97,0.19,0,0
53,102665,590,Driver,55,0.06,0,0
22,26705,581,Doctor,89,0.06,0,0
55,100586,781,Driver,80,0.29,1,1
39,91699,802,Driver,20,0.42,0,0
47,64331,736,Student,69,0.2,1,1
56,84716,724,Sales Executive,45,0.35,0,1
59,68090,692,Student,17,0.44,0,0
22,65011,463,Sales Executive,36,0.34,0,0
38,48386,735,Teacher,53,0.05,0,1
43,107192,406,Bank Employee,36,0.3,0,0
46,78418,741,Business Owner,55,0.13,1,1
31,128515,821,Sales Executive,80,0.41,0,0
21,122319,457,Business Owner,56,0.24,0,0
56,143037,527,Student,12,0.25,0,0
40,46183,516,Teacher,55,0.19,0,0
51,44849,630,IT Engineer,15,0.15,0,0
28,135213,714,Sales Executive,68,0.12,1,1
44,87480,887,Business Owner,27,0.23,1,1
40,142067,452,Business Owner,74,0.29,0,0
35,92006,722,Driver,12,0.46,0,0
50,102509,355,Driver,76,0.23,0,0
40,131986,760,Freelancer,30,0.19,1,1
58,64381,457,Student,11,0.42,0,0
22,45401,558,Freelancer,82,0.36,0,0
26,31223,842,Doctor,20,0.1,0,0
38,52843,427,Driver,49,0.37,0,0
56,92480,512,IT Engineer,20,0.48,0,0
34,42440,345,Shopkeeper,23,0.27,0,0
46,91296,440,Student,10,0.27,0,0
54,38312,753,Freelancer,50,0.38,0,0
50,83958,438,Doctor,30,0.14,0,0
27,122407,879,Bank Employee,91,0.22,1,1
50,59960,541,Bank Employee,28,0.19,0,0
38,31570,705,Doctor,65,0.5,0,0
42,142177,653,Shopkeeper,53,0.12,1,1
37,28218,777,IT Engineer,81,0.13,0,0
51,57309,368,Doctor,14,0.26,0,0
37,42777,586,Business Owner,66,0.17,0,0
51,29434,714,Bank Employee,73,0.44,0,0
33,60411,642,IT Engineer,54,0.25,1,0
47,28840,814,Sales Executive,84,0.36,0,0
40,95870,462,Student,92,0.42,0,0
37,141367,640,Teacher,10,0.17,1,0
49,26687,871,Freelancer,10,0.38,0,0
59,40059,821,Teacher,28,0.23,0,1
55,103798,550,Doctor,71,0.16,0,0
28,76391,759,Business Owner,85,0.45,0,0
58,146529,439,Bank Employee,35,0.3,0,0
35,39999,897,Bank Employee,22,0.27,0,0
21,117089,770,Teacher,94,0.13,1,1
53,129548,898,Freelancer,67,0.46,0,0
23,30055,711,Freelancer,10,0.34,0,0
59,47696,696,Bank Employee,57,0.48,0,0
58,106056,398,Student,85,0.07,0,0
35,93831,784,Bank Employee,59,0.1,1,1
38,30561,855,Doctor,26,0.44,0,0
58,144676,337,Driver,98,0.25,0,0
51,143455,505,Student,46,0.26,0,0
40,136454,602,Doctor,35,0.15,1,0
27,33974,819,Bank Employee,85,0.27,0,0
57,70888,819,Doctor,49,0.25,1,1
47,59672,646,Bank Employee,22,0.37,0,0
28,83763,886,Business Owner,93,0.34,1,1
34,48714,358,Student,56,0.41,0,0
35,39884,828,Shopkeeper,50,0.4,0,0
27,128663,677,Doctor,58,0.24,1,1
53,105413,713,Bank Employee,38,0.19,1,1
54,60545,785,IT Engineer,72,0.2,1,1
24,119218,868,IT Engineer,41,0.5,0,0
21,142691,675,Bank Employee,42,0.23,1,1
34,28871,437,Business Owner,15,0.39,0,0
51,36657,421,Business Owner,88,0.09,0,0
58,92707,546,IT Engineer,13,0.24,0,0
40,58965,811,Sales Executive,60,0.2,1,1
23,73661,708,Shopkeeper,24,0.12,1,1
55,41200,441,Teacher,56,0.06,0,0
53,34333,480,Doctor,93,0.16,0,0
35,81374,572,Teacher,27,0.41,0,0
23,90528,662,Freelancer,48,0.18,1,1
48,103266,621,Doctor,83,0.44,0,0
47,86725,648,Doctor,12,0.31,1,0
53,84060,384,Doctor,34,0.41,0,0
39,39168,603,Shopkeeper,62,0.5,0,0
53,50364,424,Sales Executive,57,0.34,0,0
51,46329,746,Teacher,94,0.2,0,1
24,112827,607,Bank Employee,24,0.19,1,0
52,95642,371,Sales Executive,13,0.49,0,0
48,36495,655,Doctor,36,0.37,0,0
36,26487,736,Sales Executive,20,0.28,0,0
48,118552,774,Sales Executive,34,0.15,1,1
35,26190,582,IT Engineer,67,0.27,0,0
42,81098,356,Driver,39,0.39,0,0
51,36629,488,Freelancer,44,0.49,0,0
41,33759,567,Shopkeeper,22,0.35,0,0
52,81285,625,Sales Executive,53,0.06,1,0
27,81691,470,Student,34,0.26,0,0
53,62814,451,Driver,15,0.42,0,0
28,47452,400,Sales Executive,83,0.28,0,0
34,43607,868,Shopkeeper,60,0.2,0,1
45,57322,324,Student,29,0.44,0,0
52,31070,474,Doctor,25,0.31,0,0
48,42695,433,Driver,65,0.28,0,0
22,69857,714,Business Owner,80,0.27,1,1
37,34549,411,Freelancer,76,0.36,0,0
47,136833,508,Teacher,49,0.25,0,0
22,59116,421,Teacher,63,0.31,0,0
28,98755,716,Freelancer,41,0.18,1,1
58,117999,621,Teacher,49,0.13,1,0
40,56340,416,Business Owner,13,0.42,0,0
57,86167,787,IT Engineer,24,0.19,1,1
41,58248,685,Freelancer,54,0.11,1,1
46,145547,728,Driver,92,0.13,1,1
51,63715,517,Doctor,78,0.24,0,0
40,103604,680,Sales Executive,13,0.18,1,1
26,144251,823,Sales Executive,56,0.36,0,1
35,75449,884,Driver,40,0.21,1,1
21,93530,303,Shopkeeper,60,0.31,0,0
46,36219,352,Shopkeeper,32,0.13,0,0
49,105170,880,Freelancer,38,0.11,1,1
22,85128,887,Driver,72,0.46,0,0
42,94460,472,Shopkeeper,52,0.44,0,0
49,28373,838,Bank Employee,59,0.45,0,0
29,82367,801,Shopkeeper,33,0.27,1,1
41,28035,832,Teacher,19,0.08,0,0
52,92588,327,Business Owner,39,0.19,0,0
52,61765,892,Teacher,96,0.45,0,0
46,112338,757,Business Owner,48,0.24,1,1
33,30940,427,Business Owner,69,0.2,0,0
23,32063,855,Teacher,94,0.18,0,0
52,102414,712,Sales Executive,66,0.3,1,1
53,46901,879,Sales Executive,10,0.25,0,1
53,43147,707,Student,83,0.22,0,1
33,94027,451,Sales Executive,38,0.24,0,0
26,55873,502,IT Engineer,40,0.17,0,0
24,141470,558,Doctor,84,0.14,0,0
58,147636,438,Teacher,52,0.14,0,0
26,45711,817,Student,59,0.07,0,1
23,134332,351,IT Engineer,31,0.48,0,0
47,27393,332,Bank Employee,34,0.48,0,0
40,30473,595,Student,34,0.1,0,0
38,62415,599,Sales Executive,73,0.08,0,0
40,36469,559,Student,34,0.24,0,0
50,137596,655,Freelancer,59,0.39,0,1
30,74962,530,Freelancer,44,0.42,0,0
43,74722,540,Doctor,56,0.06,0,0
23,27608,356,Doctor,53,0.18,0,0
29,117334,634,Freelancer,90,0.29,1,0
39,55449,724,Doctor,63,0.11,1,1
56,147002,645,IT Engineer,82,0.49,0,0
47,33075,716,Sales Executive,20,0.16,0,0
48,90827,583,Bank Employee,21,0.29,0,0
28,74529,735,Bank Employee,33,0.1,1,1
28,149765,473,Doctor,36,0.2,0,0
38,76051,647,Shopkeeper,31,0.11,1,0
41,35272,487,Sales Executive,15,0.46,0,0
33,148499,723,Sales Executive,78,0.48,0,0
47,124710,397,Shopkeeper,70,0.29,0,0
36,41726,309,Doctor,66,0.21,0,0
29,83173,530,Teacher,60,0.2,0,0
47,26960,348,Business Owner,18,0.47,0,0
37,41844,634,Doctor,40,0.33,0,0
23,109187,471,Doctor,89,0.23,0,0
24,87226,799,Freelancer,46,0.4,0,0
21,120332,809,Bank Employee,92,0.29,1,1
34,53190,466,Sales Executive,33,0.15,0,0
28,141273,773,Teacher,21,0.16,1,1
27,117841,663,IT Engineer,20,0.17,1,1
50,135438,428,Driver,98,0.06,0,0
45,65976,385,Driver,32,0.17,0,0
59,42115,898,Teacher,43,0.33,0,1
36,71787,772,IT Engineer,24,0.39,0,1
31,146605,680,Teacher,66,0.1,1,1
45,116451,365,Student,52,0.49,0,0
53,83130,485,Business Owner,12,0.27,0,0
41,60030,445,IT Engineer,87,0.08,0,0
30,42959,870,Bank Employee,29,0.47,0,0
29,89891,818,Shopkeeper,66,0.17,1,1
21,79060,469,Bank Employee,58,0.19,0,0
54,133357,493,Doctor,35,0.26,0,0
51,30271,654,Sales Executive,53,0.2,0,0
41,64573,742,Teacher,46,0.13,1,1
44,121308,731,Driver,77,0.11,1,1
39,28796,376,Teacher,68,0.28,0,0
41,111349,623,Sales Executive,61,0.08,1,0
45,32064,450,Sales Executive,60,0.37,0,0
40,49720,445,Driver,63,0.2,0,0
46,92706,424,Shopkeeper,66,0.5,0,0
27,77338,632,Doctor,32,0.08,1,0
23,37286,563,Business Owner,56,0.07,0,0
28,115989,369,Doctor,98,0.16,0,0
50,58698,323,Business Owner,45,0.21,0,0
31,63096,679,Freelancer,86,0.42,0,0
28,80863,575,Doctor,60,0.42,0,0
57,95939,440,Business Owner,58,0.38,0,0
37,50281,417,Sales Executive,83,0.42,0,0
28,70601,485,Business Owner,60,0.38,0,0
50,126440,461,Teacher,86,0.44,0,0
36,85014,816,Bank Employee,76,0.26,1,1
24,76071,763,Teacher,28,0.17,1,1
41,129066,725,Freelancer,63,0.33,1,1
54,99170,405,Bank Employee,91,0.21,0,0
55,147679,458,Doctor,47,0.08,0,0
33,93629,418,Teacher,68,0.44,0,0
47,54097,515,Business Owner,29,0.43,0,0
28,101163,698,Sales Executive,22,0.27,1,1
49,122742,551,Teacher,11,0.26,0,0
36,74251,319,Driver,21,0.1,0,0
25,114830,669,IT Engineer,64,0.11,1,1
57,90141,711,Shopkeeper,80,0.41,0,0
30,141491,812,Driver,59,0.43,0,0
35,134860,870,Bank Employee,11,0.05,1,1
41,119959,774,Doctor,94,0.4,0,0
54,63440,650,Student,47,0.29,1,0
42,75233,779,Teacher,73,0.25,1,1
42,43494,639,Student,18,0.26,0,0
29,83694,558,Freelancer,84,0.37,0,0
46,87942,443,Business Owner,98,0.05,0,0
33,70956,602,Driver,36,0.08,1,0
38,115202,365,Student,14,0.43,0,0
21,120576,336,Student,90,0.5,0,0
43,126904,512,Freelancer,33,0.16,0,0
53,47427,686,Sales Executive,11,0.23,0,1
51,67870,616,Student,48,0.37,0,0
41,84290,647,Doctor,92,0.35,0,0
43,56156,772,Doctor,94,0.4,0,0
36,40129,823,Doctor,60,0.46,0,0
47,33880,677,Sales Executive,16,0.17,0,0
57,143876,702,IT Engineer,23,0.29,1,1
58,69347,823,Bank Employee,86,0.11,1,1
34,67522,411,IT Engineer,15,0.49,0,0
57,74744,450,Doctor,68,0.39,0,0
27,115748,533,Student,39,0.13,0,0
32,130509,782,Teacher,88,0.38,0,1
48,91895,436,Business Owner,97,0.41,0,0
23,141616,512,IT Engineer,84,0.11,0,0
42,57543,828,Student,41,0.27,1,1
41,118952,301,Bank Employee,21,0.42,0,0
49,61360,630,Bank Employee,48,0.21,1,0
40,141017,496,Student,30,0.07,0,0
23,77678,461,IT Engineer,34,0.2,0,0
47,32915,541,Shopkeeper,96,0.4,0,0
41,34124,549,Teacher,27,0.1,0,0
53,89231,784,Driver,64,0.19,1,1
50,99482,395,Business Owner,99,0.43,0,0
59,105748,693,Bank Employee,93,0.12,1,1
29,148387,786,Bank Employee,50,0.22,1,1
58,39846,376,Doctor,56,0.3,0,0
43,143917,430,Shopkeeper,22,0.13,0,0
43,92748,501,Shopkeeper,51,0.37,0,0
21,83493,430,Freelancer,12,0.4,0,0
41,77006,378,Student,42,0.34,0,0
52,89131,362,Teacher,53,0.44,0,0
46,57688,756,Bank Employee,11,0.11,1,1
53,124748,736,Business Owner,31,0.05,1,1
29,145009,315,Shopkeeper,77,0.17,0,0
37,74033,771,IT Engineer,49,0.43,0,0
26,106008,511,Driver,23,0.11,0,0
27,33034,457,Bank Employee,75,0.39,0,0
27,66494,568,Driver,25,0.47,0,0
57,108187,495,Sales Executive,85,0.3,0,0
25,92398,434,Doctor,66,0.45,0,0
53,126748,739,Bank Employee,48,0.16,1,1
30,83558,861,Student,47,0.38,0,1
37,75753,783,Freelancer,40,0.4,0,0
48,43725,512,Doctor,42,0.27,0,0
42,37947,329,Driver,87,0.32,0,0
41,43334,338,IT Engineer,21,0.09,0,0
52,94277,645,Freelancer,91,0.17,1,0
52,64087,638,IT Engineer,44,0.08,1,0
56,53376,825,Sales Executive,18,0.16,1,1
51,53681,738,Driver,35,0.45,0,0
26,107619,339,Teacher,21,0.06,0,0
41,96760,613,Freelancer,84,0.27,1,0
